{"weights":{"rows":4,"cols":4,"data":[-0.52743363,-0.13029262,-0.14349599,0.99007845,-0.14556924,-0.67715156,0.420853,0.16872749,0.24712476,0.6330872,0.26193756,0.18558483,-0.31793463,-0.26639086,-0.43458906,0.32266334]},"bias":{"data":[-0.00025512144,-0.018172257,0.0023444649,0.018390914]},"manifold_centroid":{"data":[0.013835266,0.009012284,-0.003981882,0.012266039]},"momentum":0.9,"learning_rate":0.1,"initialized":true}